generation,best,average,unique_edges
0,38975.26943509486,102145.30230194941,0.13174216027874563
10,38415.60917436626,39606.89387294738,0.03439024390243903
20,38098.00970534021,39192.52256087883,0.032752613240418116
30,37948.78065573127,39228.05974951412,0.032857142857142856
40,37833.4783665954,39257.08291765109,0.03318815331010453
50,37740.027025526695,39289.04105456555,0.03358885017421603
60,37740.027025526695,39165.30997646474,0.032717770034843205
