generation,best,average,unique_edges
0,39111.41283407816,91405.11164563107,0.19018583042973286
10,38985.31681715285,39852.429334304055,0.11178861788617886
20,38985.31681715285,39981.57908948342,0.11265969802555169
30,38587.409097849275,39948.62077839981,0.11527293844367015
40,38587.409097849275,39868.79063096579,0.11113530778164925
50,38587.409097849275,40048.748682152494,0.11599883855981417
60,38587.409097849275,40101.753956001856,0.1136033681765389
70,38551.871395382324,39851.6851218798,0.11207897793263646
