generation,best,average,unique_edges
0,339962.45683256217,344329.10416150634,0.11907755426151403
