generation,best,average,unique_edges
0,39153.40197245204,165269.44842934416,0.25477351916376306
10,38551.211255950126,39325.40454639785,0.05665505226480836
20,38067.196224676605,39159.021949239796,0.05655052264808362
30,37917.659530968725,39054.07737978883,0.05574912891986063
40,37880.188335040424,38605.91358290505,0.050487804878048784
