generation,best,average,unique_edges
0,38922.51371059355,39894.097338989464,0.06341463414634146
10,38556.99285105682,38910.81032269545,0.04933797909407665
20,38236.513981627744,38641.9793059207,0.04515679442508711
30,37971.36512014155,38298.157048343404,0.037630662020905925
40,37971.36512014155,38176.043763288086,0.031881533101045294
50,37906.59794633747,37984.55059690147,0.02881533101045296
60,37887.19960153433,37927.02146966853,0.02470383275261324
