generation,best,average,unique_edges
0,39254.400577120105,39919.72890014913,0.06372822299651568
10,38344.97352735093,38628.43146024915,0.04205574912891986
20,38240.16882033039,38427.73084813686,0.03923344947735192
30,38089.455295111606,38271.852443605545,0.03473867595818815
40,37939.466891835065,38128.77663561928,0.03515679442508711
50,37855.53871233111,37991.40166154261,0.032996515679442506
60,37820.471688750404,37850.97257689682,0.024878048780487806
