generation,best,average,unique_edges
0,38910.24605973997,165445.2060027895,0.2544250871080139
10,38594.09341067868,39328.47475836241,0.05679442508710801
20,38315.797982287106,39040.36046164324,0.05390243902439024
30,38227.65368397073,38981.087720026146,0.054181184668989545
40,38160.45603298651,39128.28617143151,0.05543554006968641
