generation,best,average,unique_edges
0,38650.536343402586,165026.29482451864,0.2538327526132404
10,38448.001432937774,39372.7450324059,0.05749128919860627
20,38083.39621336296,39190.450494343255,0.05658536585365854
30,38083.39621336296,39213.845938364444,0.05630662020905924
40,38037.12856899686,39015.9692654257,0.05554006968641115
